<?xml version="1.0" encoding="utf-8"?>
<odoo>
    <record id="access_to_blog_depends_company" model="ir.rule">
        <field name="name">Blog: Allow access depends of company</field>
        <field name="model_id" ref="website_blog.model_blog_blog"/>
        <field name="perm_read">1</field>
        <field name="perm_write">1</field>
        <field name="perm_create">1</field>
        <field name="perm_unlink">1</field>
        <field name="domain_force">['|',('company_id','in',user.company_ids.ids),('company_id','in',user.company_ids.mapped('parent_id').ids)]</field>
    </record>
</odoo>